checked_at_utc	source_version	source_sha256	action	release_tag	note
2026-03-28T03:37:09Z	26.325.31654	681a12ac481a3100fbf402c51e156830c65a0bf6f6cc51885e68df74686bdb7b	released	v26.325.31654-x64-20260328	new_upstream_artifact
